<?xml version="1.0" encoding="utf-8" ?>
<component name="MovieDetailsScreen" extends="Group" >

    <interface>
        <field id="movieId" type="string" onChange="onMovieIdChanged" alwaysNotify="true" />
    </interface>

    <script type="text/brightscript" uri="pkg:/components/screens/details/MovieDetailsScreen.brs" />
    <script type="text/brightscript" uri="pkg:/components/Theme.brs" />
    <script type="text/brightscript" uri="pkg:/components/env/AppInfo.brs" />

    <children>
        <Rectangle
            width="1280"
            height="720"
            color="0x000000"
        />
        <Poster 
            id="currentItemImage" 
            translation="[520,0]" 
            width="780" 
            height="439" 
            loadDisplayMode="scaleToFit"
            />
        <Poster
            width="1280"
            height="439"
            uri="pkg:/images/gradient.png"
        />
        <LayoutGroup itemSpacings="[20]" layoutDirection="vert" translation="[50,100]" >
            <Label 
                id="selectedContentTitle" 
                text="Title" 
                width="500"
                color="0xFFFFFF" 
                font="font:LargeBoldSystemFont" />
            <Label 
                id="selectedContentDescription" 
                text="Description" 
                font="font:SmallSystemFont" 
                width="500"
                height="439"
                wrap="true"/>
        </LayoutGroup>
    </children>
</component>
