<?xml version="1.0" encoding="utf-8" ?>
<component name="TrailerTile" extends="Poster" >

    <script type="text/brightscript" uri="pkg:/components/tiles/TrailerTile.brs" />
    <script type="text/brightscript" uri="pkg:/components/env/AppInfo.brs" />

    <interface> 
        <field id="itemContent" type="node" onChange="itemContentChanged"/> 
    </interface>

    <children>
        <Poster 
            id="thumbnail" 
            translation="[0,0]" 
            width="320" 
            height="180" 
            loadWidth="320" 
            loadHeight="180"
            bitmapWidth="320"
            bitmapHeight="180"/>
    </children>
</component>
