<?xml version="1.0" encoding="utf-8" ?>
<component name="HomeScreen" extends="Group" >

    <script type="text/brightscript" uri="pkg:/components/screens/home/HomeScreen.brs" />
    <script type="text/brightscript" uri="pkg:/components/Theme.brs" />
    <script type="text/brightscript" uri="pkg:/components/env/AppInfo.brs" />

    <interface>
        <field id="rowItemSelected" type="intarray" alwaysnotify="true" alias="featuredRowList.rowItemSelected" />
        <field id="jumpToRowItem" type="intarray" alias="featuredRowList.jumpToRowItem" />
    </interface>

    <children>
        <Poster 
            id="currentItemImage" 
            translation="[520,0]" 
            width="780" 
            height="439" 
            loadDisplayMode="scaleToFit"
            />
        <Poster
            width="1280"
            height="439"
            uri="pkg:/images/gradient.png"
        />
        <LayoutGroup itemSpacings="[20]" layoutDirection="vert" translation="[50,100]" >
            <Label 
                id="selectedContentTitle" 
                text="Title" 
                width="500"
                color="0xFFFFFF" 
                font="font:LargeBoldSystemFont"/>
            <Label 
                id="selectedContentDescription" 
                text="Description" 
                font="font:SmallSystemFont" 
                width="500"
                wrap="true"
                maxLines="3"/>
        </LayoutGroup>
        <RowList 
            id="featuredRowList" 
            itemComponentName = "ContentTile"
            numRows = "2"
            translation="[50,270]"
            itemSize= "[1230, 231]"
            rowHeights= "[231]" 
            rowItemSize = "[ [154, 231] ]"
            itemSpacing = "[ 0, 80 ]"
            rowItemSpacing = "[ [20, 0] ]"
            rowLabelOffset = "[ [0, 30] ]"
            rowFocusAnimationStyle = "floatingFocus"
            showRowLabel = "[true, true]"
            rowLabelColor="0xa0b033ff"
            visible = "true"/>
    </children>
</component>
